club_participation_key,club_key,year_key,participated
1,1,1,1
2,2,1,1
3,3,1,1
4,4,1,1
5,5,1,1
6,6,1,1
7,7,1,1
8,9,1,1
9,10,1,1
10,11,1,1
11,13,1,1
12,14,1,1
13,16,1,1
14,17,1,1
15,18,1,1
16,19,1,1
17,20,1,1
18,21,1,1
19,22,1,1
20,23,1,1
21,24,1,1
22,25,1,1
23,26,1,1
24,27,1,1
25,28,1,1
26,29,1,1
27,30,1,1
28,31,1,1
29,32,1,1
30,33,1,1
31,34,1,1
32,35,1,1
33,36,1,1
34,37,1,1
35,38,1,1
36,40,1,1
37,41,1,1
38,42,1,1
39,43,1,1
40,44,1,1
41,46,1,1
42,47,1,1
43,48,1,1
44,49,1,1
45,50,1,1
46,52,1,1
47,53,1,1
48,54,1,1
49,55,1,1
50,56,1,1
51,57,1,1
52,58,1,1
53,59,1,1
54,60,1,1
55,61,1,1
56,62,1,1
57,63,1,1
58,64,1,1
59,65,1,1
60,67,1,1
61,68,1,1
62,70,1,1
63,71,1,1
64,72,1,1
65,73,1,1
66,74,1,1
67,75,1,1
68,76,1,1
69,77,1,1
70,78,1,1
71,79,1,1
72,80,1,1
73,81,1,1
74,82,1,1
75,83,1,1
76,85,1,1
77,86,1,1
78,87,1,1
79,88,1,1
80,89,1,1
81,90,1,1
82,91,1,1
83,92,1,1
84,93,1,1
85,94,1,1
86,95,1,1
87,96,1,1
88,97,1,1
89,98,1,1
90,99,1,1
91,100,1,1
92,102,1,1
93,104,1,1
94,105,1,1
95,106,1,1
96,107,1,1
97,109,1,1
98,110,1,1
99,111,1,1
100,112,1,1
101,113,1,1
102,114,1,1
103,115,1,1
104,116,1,1
105,117,1,1
106,118,1,1
107,119,1,1
108,120,1,1
109,121,1,1
110,122,1,1
111,123,1,1
112,124,1,1
113,125,1,1
114,126,1,1
115,127,1,1
116,128,1,1
117,129,1,1
118,131,1,1
119,133,1,1
120,134,1,1
121,135,1,1
122,136,1,1
123,137,1,1
124,150,1,1
125,151,1,1
126,153,1,1
127,208,1,1
128,209,1,1
129,210,1,1
130,211,1,1
131,212,1,1
132,214,1,1
133,215,1,1
134,216,1,1
135,219,1,1
136,220,1,1
137,221,1,1
138,222,1,1
139,223,1,1
140,224,1,1
141,225,1,1
142,226,1,1
143,227,1,1
144,228,1,1
145,229,1,1
146,231,1,1
147,232,1,1
148,233,1,1
149,234,1,1
150,235,1,1
151,238,1,1
152,239,1,1
153,240,1,1
154,241,1,1
155,242,1,1
156,243,1,1
157,244,1,1
158,245,1,1
159,246,1,1
160,247,1,1
161,249,1,1
162,250,1,1
163,251,1,1
164,252,1,1
165,253,1,1
166,254,1,1
167,255,1,1
168,256,1,1
169,257,1,1
170,258,1,1
171,259,1,1
172,260,1,1
173,261,1,1
174,263,1,1
175,264,1,1
176,265,1,1
177,266,1,1
178,267,1,1
179,268,1,1
180,269,1,1
181,270,1,1
182,271,1,1
183,272,1,1
184,273,1,1
185,274,1,1
186,275,1,1
187,276,1,1
188,277,1,1
189,278,1,1
190,280,1,1
191,281,1,1
192,282,1,1
193,283,1,1
194,284,1,1
195,285,1,1
196,286,1,1
197,287,1,1
198,288,1,1
199,289,1,1
200,290,1,1
201,291,1,1
202,292,1,1
203,293,1,1
204,294,1,1
205,295,1,1
206,296,1,1
207,297,1,1
208,298,1,1
209,299,1,1
210,300,1,1
211,303,1,1
212,304,1,1
213,305,1,1
214,306,1,1
215,307,1,1
216,308,1,1
217,309,1,1
218,310,1,1
219,311,1,1
220,312,1,1
221,313,1,1
222,314,1,1
223,315,1,1
224,316,1,1
225,317,1,1
226,318,1,1
227,319,1,1
228,320,1,1
229,321,1,1
230,322,1,1
231,323,1,1
232,324,1,1
233,325,1,1
234,326,1,1
235,327,1,1
236,328,1,1
237,329,1,1
238,330,1,1
239,331,1,1
240,332,1,1
241,333,1,1
242,335,1,1
243,336,1,1
244,337,1,1
245,338,1,1
246,339,1,1
247,340,1,1
248,341,1,1
249,342,1,1
250,343,1,1
251,344,1,1
252,345,1,1
253,346,1,1
254,347,1,1
255,348,1,1
256,349,1,1
257,350,1,1
258,351,1,1
259,353,1,1
260,355,1,1
261,356,1,1
262,357,1,1
263,358,1,1
264,359,1,1
265,361,1,1
266,362,1,1
267,363,1,1
268,364,1,1
269,365,1,1
270,366,1,1
271,367,1,1
272,370,1,1
273,1,2,1
274,2,2,1
275,3,2,1
276,4,2,1
277,5,2,1
278,6,2,1
279,7,2,1
280,9,2,1
281,10,2,1
282,11,2,1
283,13,2,1
284,14,2,1
285,16,2,1
286,17,2,1
287,18,2,1
288,20,2,1
289,21,2,1
290,22,2,1
291,23,2,1
292,24,2,1
293,25,2,1
294,26,2,1
295,27,2,1
296,28,2,1
297,29,2,1
298,30,2,1
299,31,2,1
300,32,2,1
301,34,2,1
302,35,2,1
303,36,2,1
304,37,2,1
305,38,2,1
306,40,2,1
307,41,2,1
308,42,2,1
309,43,2,1
310,44,2,1
311,45,2,1
312,46,2,1
313,47,2,1
314,48,2,1
315,50,2,1
316,52,2,1
317,54,2,1
318,55,2,1
319,56,2,1
320,58,2,1
321,59,2,1
322,60,2,1
323,61,2,1
324,62,2,1
325,63,2,1
326,64,2,1
327,65,2,1
328,66,2,1
329,67,2,1
330,71,2,1
331,72,2,1
332,73,2,1
333,74,2,1
334,75,2,1
335,76,2,1
336,77,2,1
337,78,2,1
338,79,2,1
339,80,2,1
340,81,2,1
341,82,2,1
342,83,2,1
343,85,2,1
344,86,2,1
345,88,2,1
346,89,2,1
347,90,2,1
348,91,2,1
349,92,2,1
350,93,2,1
351,94,2,1
352,95,2,1
353,96,2,1
354,97,2,1
355,98,2,1
356,99,2,1
357,100,2,1
358,101,2,1
359,102,2,1
360,104,2,1
361,105,2,1
362,106,2,1
363,107,2,1
364,109,2,1
365,110,2,1
366,111,2,1
367,112,2,1
368,113,2,1
369,114,2,1
370,115,2,1
371,116,2,1
372,117,2,1
373,118,2,1
374,119,2,1
375,120,2,1
376,121,2,1
377,122,2,1
378,123,2,1
379,124,2,1
380,125,2,1
381,126,2,1
382,127,2,1
383,129,2,1
384,131,2,1
385,133,2,1
386,134,2,1
387,135,2,1
388,136,2,1
389,137,2,1
390,139,2,1
391,140,2,1
392,141,2,1
393,142,2,1
394,143,2,1
395,144,2,1
396,145,2,1
397,150,2,1
398,151,2,1
399,153,2,1
400,154,2,1
401,208,2,1
402,209,2,1
403,210,2,1
404,211,2,1
405,212,2,1
406,214,2,1
407,215,2,1
408,216,2,1
409,219,2,1
410,220,2,1
411,221,2,1
412,222,2,1
413,223,2,1
414,224,2,1
415,225,2,1
416,226,2,1
417,227,2,1
418,228,2,1
419,229,2,1
420,231,2,1
421,232,2,1
422,233,2,1
423,234,2,1
424,235,2,1
425,238,2,1
426,239,2,1
427,240,2,1
428,241,2,1
429,242,2,1
430,243,2,1
431,244,2,1
432,245,2,1
433,246,2,1
434,247,2,1
435,249,2,1
436,250,2,1
437,251,2,1
438,252,2,1
439,253,2,1
440,254,2,1
441,255,2,1
442,256,2,1
443,257,2,1
444,258,2,1
445,259,2,1
446,260,2,1
447,261,2,1
448,263,2,1
449,264,2,1
450,265,2,1
451,266,2,1
452,267,2,1
453,268,2,1
454,269,2,1
455,270,2,1
456,271,2,1
457,272,2,1
458,273,2,1
459,275,2,1
460,276,2,1
461,277,2,1
462,278,2,1
463,279,2,1
464,280,2,1
465,281,2,1
466,282,2,1
467,283,2,1
468,284,2,1
469,285,2,1
470,286,2,1
471,288,2,1
472,289,2,1
473,290,2,1
474,291,2,1
475,292,2,1
476,293,2,1
477,294,2,1
478,295,2,1
479,296,2,1
480,297,2,1
481,298,2,1
482,299,2,1
483,300,2,1
484,303,2,1
485,304,2,1
486,305,2,1
487,306,2,1
488,307,2,1
489,308,2,1
490,309,2,1
491,310,2,1
492,311,2,1
493,312,2,1
494,313,2,1
495,314,2,1
496,315,2,1
497,316,2,1
498,317,2,1
499,318,2,1
500,319,2,1
501,320,2,1
502,321,2,1
503,322,2,1
504,323,2,1
505,324,2,1
506,325,2,1
507,326,2,1
508,328,2,1
509,329,2,1
510,330,2,1
511,331,2,1
512,332,2,1
513,333,2,1
514,334,2,1
515,335,2,1
516,336,2,1
517,337,2,1
518,338,2,1
519,339,2,1
520,340,2,1
521,342,2,1
522,343,2,1
523,344,2,1
524,345,2,1
525,346,2,1
526,347,2,1
527,348,2,1
528,349,2,1
529,350,2,1
530,351,2,1
531,353,2,1
532,355,2,1
533,357,2,1
534,358,2,1
535,359,2,1
536,361,2,1
537,362,2,1
538,363,2,1
539,364,2,1
540,365,2,1
541,366,2,1
542,367,2,1
543,369,2,1
544,370,2,1
545,371,2,1
546,372,2,1
547,373,2,1
548,374,2,1
549,375,2,1
550,376,2,1
551,377,2,1
552,1,3,1
553,2,3,1
554,3,3,1
555,4,3,1
556,5,3,1
557,6,3,1
558,7,3,1
559,8,3,1
560,10,3,1
561,13,3,1
562,14,3,1
563,16,3,1
564,17,3,1
565,18,3,1
566,20,3,1
567,21,3,1
568,22,3,1
569,23,3,1
570,24,3,1
571,25,3,1
572,26,3,1
573,27,3,1
574,28,3,1
575,29,3,1
576,30,3,1
577,31,3,1
578,32,3,1
579,33,3,1
580,34,3,1
581,35,3,1
582,36,3,1
583,37,3,1
584,38,3,1
585,40,3,1
586,41,3,1
587,42,3,1
588,43,3,1
589,44,3,1
590,45,3,1
591,46,3,1
592,47,3,1
593,48,3,1
594,50,3,1
595,51,3,1
596,52,3,1
597,54,3,1
598,55,3,1
599,56,3,1
600,58,3,1
601,59,3,1
602,60,3,1
603,61,3,1
604,63,3,1
605,64,3,1
606,66,3,1
607,68,3,1
608,70,3,1
609,71,3,1
610,72,3,1
611,73,3,1
612,74,3,1
613,75,3,1
614,76,3,1
615,77,3,1
616,78,3,1
617,79,3,1
618,80,3,1
619,81,3,1
620,83,3,1
621,84,3,1
622,85,3,1
623,86,3,1
624,87,3,1
625,88,3,1
626,89,3,1
627,90,3,1
628,91,3,1
629,92,3,1
630,93,3,1
631,94,3,1
632,95,3,1
633,96,3,1
634,97,3,1
635,98,3,1
636,99,3,1
637,100,3,1
638,101,3,1
639,102,3,1
640,104,3,1
641,105,3,1
642,106,3,1
643,107,3,1
644,109,3,1
645,110,3,1
646,111,3,1
647,112,3,1
648,113,3,1
649,114,3,1
650,115,3,1
651,116,3,1
652,117,3,1
653,119,3,1
654,120,3,1
655,121,3,1
656,122,3,1
657,123,3,1
658,124,3,1
659,125,3,1
660,126,3,1
661,127,3,1
662,129,3,1
663,131,3,1
664,134,3,1
665,135,3,1
666,136,3,1
667,137,3,1
668,138,3,1
669,139,3,1
670,140,3,1
671,141,3,1
672,142,3,1
673,144,3,1
674,145,3,1
675,146,3,1
676,147,3,1
677,149,3,1
678,150,3,1
679,151,3,1
680,153,3,1
681,154,3,1
682,155,3,1
683,156,3,1
684,158,3,1
685,208,3,1
686,209,3,1
687,210,3,1
688,211,3,1
689,212,3,1
690,214,3,1
691,215,3,1
692,216,3,1
693,219,3,1
694,220,3,1
695,221,3,1
696,222,3,1
697,223,3,1
698,224,3,1
699,225,3,1
700,226,3,1
701,228,3,1
702,229,3,1
703,230,3,1
704,231,3,1
705,232,3,1
706,233,3,1
707,234,3,1
708,235,3,1
709,238,3,1
710,239,3,1
711,240,3,1
712,241,3,1
713,242,3,1
714,243,3,1
715,244,3,1
716,245,3,1
717,246,3,1
718,247,3,1
719,249,3,1
720,250,3,1
721,251,3,1
722,252,3,1
723,253,3,1
724,254,3,1
725,255,3,1
726,256,3,1
727,257,3,1
728,258,3,1
729,259,3,1
730,260,3,1
731,261,3,1
732,263,3,1
733,264,3,1
734,265,3,1
735,266,3,1
736,267,3,1
737,268,3,1
738,269,3,1
739,270,3,1
740,271,3,1
741,272,3,1
742,273,3,1
743,275,3,1
744,276,3,1
745,277,3,1
746,278,3,1
747,279,3,1
748,280,3,1
749,281,3,1
750,282,3,1
751,283,3,1
752,284,3,1
753,285,3,1
754,286,3,1
755,288,3,1
756,289,3,1
757,290,3,1
758,291,3,1
759,292,3,1
760,293,3,1
761,294,3,1
762,295,3,1
763,296,3,1
764,297,3,1
765,298,3,1
766,299,3,1
767,300,3,1
768,302,3,1
769,303,3,1
770,304,3,1
771,305,3,1
772,306,3,1
773,307,3,1
774,308,3,1
775,309,3,1
776,310,3,1
777,311,3,1
778,312,3,1
779,313,3,1
780,314,3,1
781,315,3,1
782,316,3,1
783,317,3,1
784,318,3,1
785,319,3,1
786,320,3,1
787,322,3,1
788,323,3,1
789,324,3,1
790,325,3,1
791,326,3,1
792,328,3,1
793,329,3,1
794,330,3,1
795,331,3,1
796,332,3,1
797,333,3,1
798,334,3,1
799,335,3,1
800,336,3,1
801,337,3,1
802,338,3,1
803,339,3,1
804,340,3,1
805,342,3,1
806,343,3,1
807,344,3,1
808,345,3,1
809,346,3,1
810,347,3,1
811,348,3,1
812,349,3,1
813,350,3,1
814,351,3,1
815,352,3,1
816,353,3,1
817,354,3,1
818,355,3,1
819,357,3,1
820,358,3,1
821,361,3,1
822,362,3,1
823,363,3,1
824,365,3,1
825,366,3,1
826,367,3,1
827,369,3,1
828,370,3,1
829,371,3,1
830,372,3,1
831,373,3,1
832,374,3,1
833,375,3,1
834,376,3,1
835,377,3,1
836,378,3,1
837,379,3,1
838,380,3,1
839,381,3,1
840,382,3,1
841,383,3,1
842,384,3,1
843,385,3,1
844,386,3,1
845,387,3,1
846,388,3,1
847,1,4,1
848,4,4,1
849,5,4,1
850,6,4,1
851,7,4,1
852,8,4,1
853,9,4,1
854,10,4,1
855,13,4,1
856,14,4,1
857,16,4,1
858,17,4,1
859,18,4,1
860,20,4,1
861,22,4,1
862,23,4,1
863,24,4,1
864,25,4,1
865,26,4,1
866,27,4,1
867,28,4,1
868,29,4,1
869,30,4,1
870,31,4,1
871,32,4,1
872,33,4,1
873,34,4,1
874,36,4,1
875,37,4,1
876,38,4,1
877,40,4,1
878,41,4,1
879,42,4,1
880,43,4,1
881,44,4,1
882,45,4,1
883,46,4,1
884,47,4,1
885,48,4,1
886,50,4,1
887,51,4,1
888,52,4,1
889,54,4,1
890,55,4,1
891,56,4,1
892,57,4,1
893,58,4,1
894,59,4,1
895,60,4,1
896,61,4,1
897,63,4,1
898,64,4,1
899,65,4,1
900,66,4,1
901,68,4,1
902,71,4,1
903,72,4,1
904,73,4,1
905,74,4,1
906,75,4,1
907,76,4,1
908,77,4,1
909,78,4,1
910,79,4,1
911,80,4,1
912,81,4,1
913,83,4,1
914,84,4,1
915,85,4,1
916,86,4,1
917,88,4,1
918,89,4,1
919,90,4,1
920,91,4,1
921,92,4,1
922,93,4,1
923,94,4,1
924,95,4,1
925,96,4,1
926,97,4,1
927,98,4,1
928,99,4,1
929,100,4,1
930,101,4,1
931,104,4,1
932,105,4,1
933,106,4,1
934,107,4,1
935,109,4,1
936,110,4,1
937,111,4,1
938,112,4,1
939,113,4,1
940,114,4,1
941,115,4,1
942,116,4,1
943,117,4,1
944,118,4,1
945,119,4,1
946,120,4,1
947,121,4,1
948,122,4,1
949,123,4,1
950,124,4,1
951,125,4,1
952,126,4,1
953,127,4,1
954,129,4,1
955,131,4,1
956,133,4,1
957,134,4,1
958,135,4,1
959,136,4,1
960,137,4,1
961,139,4,1
962,140,4,1
963,141,4,1
964,142,4,1
965,143,4,1
966,144,4,1
967,145,4,1
968,146,4,1
969,147,4,1
970,148,4,1
971,149,4,1
972,150,4,1
973,151,4,1
974,153,4,1
975,154,4,1
976,155,4,1
977,156,4,1
978,157,4,1
979,158,4,1
980,159,4,1
981,163,4,1
982,164,4,1
983,208,4,1
984,209,4,1
985,210,4,1
986,211,4,1
987,212,4,1
988,214,4,1
989,215,4,1
990,216,4,1
991,219,4,1
992,220,4,1
993,221,4,1
994,222,4,1
995,223,4,1
996,224,4,1
997,225,4,1
998,226,4,1
999,228,4,1
1000,229,4,1
1001,230,4,1
1002,231,4,1
1003,232,4,1
1004,233,4,1
1005,234,4,1
1006,235,4,1
1007,238,4,1
1008,239,4,1
1009,240,4,1
1010,241,4,1
1011,242,4,1
1012,243,4,1
1013,244,4,1
1014,245,4,1
1015,246,4,1
1016,247,4,1
1017,249,4,1
1018,250,4,1
1019,251,4,1
1020,252,4,1
1021,253,4,1
1022,254,4,1
1023,255,4,1
1024,256,4,1
1025,257,4,1
1026,258,4,1
1027,259,4,1
1028,260,4,1
1029,261,4,1
1030,263,4,1
1031,264,4,1
1032,265,4,1
1033,266,4,1
1034,267,4,1
1035,268,4,1
1036,269,4,1
1037,270,4,1
1038,271,4,1
1039,272,4,1
1040,273,4,1
1041,275,4,1
1042,276,4,1
1043,277,4,1
1044,278,4,1
1045,280,4,1
1046,281,4,1
1047,282,4,1
1048,283,4,1
1049,284,4,1
1050,285,4,1
1051,286,4,1
1052,288,4,1
1053,289,4,1
1054,290,4,1
1055,291,4,1
1056,292,4,1
1057,293,4,1
1058,294,4,1
1059,295,4,1
1060,296,4,1
1061,297,4,1
1062,298,4,1
1063,299,4,1
1064,300,4,1
1065,303,4,1
1066,304,4,1
1067,305,4,1
1068,307,4,1
1069,308,4,1
1070,309,4,1
1071,310,4,1
1072,311,4,1
1073,312,4,1
1074,313,4,1
1075,314,4,1
1076,315,4,1
1077,316,4,1
1078,317,4,1
1079,318,4,1
1080,319,4,1
1081,320,4,1
1082,322,4,1
1083,323,4,1
1084,324,4,1
1085,325,4,1
1086,326,4,1
1087,328,4,1
1088,329,4,1
1089,330,4,1
1090,331,4,1
1091,332,4,1
1092,333,4,1
1093,334,4,1
1094,335,4,1
1095,336,4,1
1096,337,4,1
1097,338,4,1
1098,339,4,1
1099,340,4,1
1100,341,4,1
1101,342,4,1
1102,343,4,1
1103,344,4,1
1104,345,4,1
1105,346,4,1
1106,347,4,1
1107,348,4,1
1108,349,4,1
1109,350,4,1
1110,351,4,1
1111,352,4,1
1112,353,4,1
1113,354,4,1
1114,355,4,1
1115,356,4,1
1116,357,4,1
1117,358,4,1
1118,361,4,1
1119,362,4,1
1120,363,4,1
1121,365,4,1
1122,366,4,1
1123,367,4,1
1124,369,4,1
1125,370,4,1
1126,372,4,1
1127,373,4,1
1128,374,4,1
1129,375,4,1
1130,376,4,1
1131,377,4,1
1132,379,4,1
1133,380,4,1
1134,382,4,1
1135,383,4,1
1136,384,4,1
1137,389,4,1
1138,390,4,1
1139,392,4,1
1140,393,4,1
1141,1,5,1
1142,3,5,1
1143,4,5,1
1144,5,5,1
1145,6,5,1
1146,7,5,1
1147,8,5,1
1148,9,5,1
1149,10,5,1
1150,13,5,1
1151,14,5,1
1152,16,5,1
1153,17,5,1
1154,18,5,1
1155,20,5,1
1156,22,5,1
1157,23,5,1
1158,24,5,1
1159,25,5,1
1160,26,5,1
1161,27,5,1
1162,28,5,1
1163,29,5,1
1164,30,5,1
1165,31,5,1
1166,32,5,1
1167,33,5,1
1168,34,5,1
1169,35,5,1
1170,36,5,1
1171,38,5,1
1172,40,5,1
1173,41,5,1
1174,42,5,1
1175,43,5,1
1176,44,5,1
1177,45,5,1
1178,46,5,1
1179,47,5,1
1180,48,5,1
1181,50,5,1
1182,51,5,1
1183,52,5,1
1184,54,5,1
1185,55,5,1
1186,56,5,1
1187,58,5,1
1188,59,5,1
1189,60,5,1
1190,61,5,1
1191,63,5,1
1192,66,5,1
1193,71,5,1
1194,72,5,1
1195,73,5,1
1196,74,5,1
1197,75,5,1
1198,76,5,1
1199,77,5,1
1200,78,5,1
1201,79,5,1
1202,80,5,1
1203,81,5,1
1204,83,5,1
1205,84,5,1
1206,85,5,1
1207,86,5,1
1208,88,5,1
1209,89,5,1
1210,90,5,1
1211,91,5,1
1212,92,5,1
1213,93,5,1
1214,94,5,1
1215,95,5,1
1216,96,5,1
1217,97,5,1
1218,98,5,1
1219,99,5,1
1220,100,5,1
1221,101,5,1
1222,102,5,1
1223,104,5,1
1224,105,5,1
1225,106,5,1
1226,107,5,1
1227,109,5,1
1228,110,5,1
1229,111,5,1
1230,112,5,1
1231,113,5,1
1232,114,5,1
1233,115,5,1
1234,117,5,1
1235,118,5,1
1236,119,5,1
1237,120,5,1
1238,121,5,1
1239,122,5,1
1240,123,5,1
1241,124,5,1
1242,125,5,1
1243,126,5,1
1244,127,5,1
1245,129,5,1
1246,131,5,1
1247,134,5,1
1248,135,5,1
1249,136,5,1
1250,139,5,1
1251,140,5,1
1252,141,5,1
1253,142,5,1
1254,143,5,1
1255,144,5,1
1256,145,5,1
1257,146,5,1
1258,147,5,1
1259,149,5,1
1260,150,5,1
1261,153,5,1
1262,154,5,1
1263,155,5,1
1264,156,5,1
1265,158,5,1
1266,164,5,1
1267,165,5,1
1268,167,5,1
1269,168,5,1
1270,169,5,1
1271,171,5,1
1272,172,5,1
1273,173,5,1
1274,208,5,1
1275,209,5,1
1276,210,5,1
1277,211,5,1
1278,212,5,1
1279,214,5,1
1280,215,5,1
1281,216,5,1
1282,219,5,1
1283,220,5,1
1284,221,5,1
1285,222,5,1
1286,223,5,1
1287,224,5,1
1288,225,5,1
1289,226,5,1
1290,228,5,1
1291,229,5,1
1292,230,5,1
1293,231,5,1
1294,232,5,1
1295,233,5,1
1296,234,5,1
1297,235,5,1
1298,238,5,1
1299,239,5,1
1300,240,5,1
1301,241,5,1
1302,242,5,1
1303,243,5,1
1304,244,5,1
1305,245,5,1
1306,246,5,1
1307,247,5,1
1308,249,5,1
1309,250,5,1
1310,251,5,1
1311,252,5,1
1312,253,5,1
1313,254,5,1
1314,255,5,1
1315,256,5,1
1316,257,5,1
1317,258,5,1
1318,259,5,1
1319,260,5,1
1320,261,5,1
1321,263,5,1
1322,265,5,1
1323,266,5,1
1324,267,5,1
1325,268,5,1
1326,270,5,1
1327,271,5,1
1328,272,5,1
1329,273,5,1
1330,275,5,1
1331,276,5,1
1332,277,5,1
1333,278,5,1
1334,280,5,1
1335,281,5,1
1336,282,5,1
1337,283,5,1
1338,284,5,1
1339,285,5,1
1340,286,5,1
1341,287,5,1
1342,288,5,1
1343,289,5,1
1344,290,5,1
1345,291,5,1
1346,292,5,1
1347,293,5,1
1348,294,5,1
1349,295,5,1
1350,296,5,1
1351,297,5,1
1352,298,5,1
1353,299,5,1
1354,300,5,1
1355,303,5,1
1356,304,5,1
1357,305,5,1
1358,306,5,1
1359,307,5,1
1360,308,5,1
1361,309,5,1
1362,310,5,1
1363,311,5,1
1364,312,5,1
1365,313,5,1
1366,314,5,1
1367,315,5,1
1368,316,5,1
1369,317,5,1
1370,318,5,1
1371,319,5,1
1372,320,5,1
1373,321,5,1
1374,322,5,1
1375,323,5,1
1376,324,5,1
1377,325,5,1
1378,326,5,1
1379,328,5,1
1380,329,5,1
1381,330,5,1
1382,331,5,1
1383,332,5,1
1384,333,5,1
1385,334,5,1
1386,335,5,1
1387,336,5,1
1388,337,5,1
1389,338,5,1
1390,339,5,1
1391,340,5,1
1392,342,5,1
1393,343,5,1
1394,344,5,1
1395,345,5,1
1396,346,5,1
1397,347,5,1
1398,348,5,1
1399,349,5,1
1400,350,5,1
1401,351,5,1
1402,352,5,1
1403,353,5,1
1404,354,5,1
1405,355,5,1
1406,356,5,1
1407,358,5,1
1408,361,5,1
1409,362,5,1
1410,363,5,1
1411,365,5,1
1412,366,5,1
1413,367,5,1
1414,368,5,1
1415,369,5,1
1416,370,5,1
1417,372,5,1
1418,373,5,1
1419,374,5,1
1420,375,5,1
1421,376,5,1
1422,377,5,1
1423,379,5,1
1424,380,5,1
1425,381,5,1
1426,382,5,1
1427,383,5,1
1428,384,5,1
1429,385,5,1
1430,387,5,1
1431,388,5,1
1432,389,5,1
1433,390,5,1
1434,392,5,1
1435,393,5,1
1436,394,5,1
1437,395,5,1
1438,396,5,1
1439,397,5,1
1440,398,5,1
1441,400,5,1
1442,1,6,1
1443,4,6,1
1444,8,6,1
1445,9,6,1
1446,10,6,1
1447,12,6,1
1448,13,6,1
1449,14,6,1
1450,18,6,1
1451,22,6,1
1452,23,6,1
1453,25,6,1
1454,26,6,1
1455,27,6,1
1456,29,6,1
1457,30,6,1
1458,31,6,1
1459,33,6,1
1460,34,6,1
1461,35,6,1
1462,36,6,1
1463,38,6,1
1464,43,6,1
1465,44,6,1
1466,45,6,1
1467,46,6,1
1468,47,6,1
1469,48,6,1
1470,50,6,1
1471,51,6,1
1472,52,6,1
1473,54,6,1
1474,55,6,1
1475,56,6,1
1476,58,6,1
1477,63,6,1
1478,66,6,1
1479,71,6,1
1480,72,6,1
1481,73,6,1
1482,74,6,1
1483,75,6,1
1484,76,6,1
1485,77,6,1
1486,78,6,1
1487,79,6,1
1488,80,6,1
1489,81,6,1
1490,83,6,1
1491,84,6,1
1492,85,6,1
1493,86,6,1
1494,88,6,1
1495,89,6,1
1496,91,6,1
1497,92,6,1
1498,93,6,1
1499,94,6,1
1500,95,6,1
1501,96,6,1
1502,98,6,1
1503,99,6,1
1504,100,6,1
1505,102,6,1
1506,104,6,1
1507,105,6,1
1508,106,6,1
1509,107,6,1
1510,110,6,1
1511,111,6,1
1512,112,6,1
1513,113,6,1
1514,114,6,1
1515,117,6,1
1516,119,6,1
1517,120,6,1
1518,121,6,1
1519,123,6,1
1520,124,6,1
1521,125,6,1
1522,127,6,1
1523,129,6,1
1524,131,6,1
1525,133,6,1
1526,134,6,1
1527,135,6,1
1528,136,6,1
1529,137,6,1
1530,138,6,1
1531,139,6,1
1532,140,6,1
1533,141,6,1
1534,142,6,1
1535,143,6,1
1536,144,6,1
1537,145,6,1
1538,146,6,1
1539,147,6,1
1540,149,6,1
1541,150,6,1
1542,153,6,1
1543,154,6,1
1544,155,6,1
1545,158,6,1
1546,163,6,1
1547,164,6,1
1548,165,6,1
1549,171,6,1
1550,173,6,1
1551,174,6,1
1552,175,6,1
1553,176,6,1
1554,177,6,1
1555,180,6,1
1556,182,6,1
1557,183,6,1
1558,184,6,1
1559,185,6,1
1560,186,6,1
1561,187,6,1
1562,208,6,1
1563,209,6,1
1564,210,6,1
1565,211,6,1
1566,212,6,1
1567,215,6,1
1568,218,6,1
1569,219,6,1
1570,220,6,1
1571,221,6,1
1572,222,6,1
1573,224,6,1
1574,225,6,1
1575,226,6,1
1576,228,6,1
1577,229,6,1
1578,231,6,1
1579,232,6,1
1580,233,6,1
1581,234,6,1
1582,235,6,1
1583,237,6,1
1584,238,6,1
1585,239,6,1
1586,240,6,1
1587,242,6,1
1588,243,6,1
1589,244,6,1
1590,247,6,1
1591,249,6,1
1592,250,6,1
1593,251,6,1
1594,252,6,1
1595,253,6,1
1596,254,6,1
1597,255,6,1
1598,256,6,1
1599,257,6,1
1600,258,6,1
1601,259,6,1
1602,260,6,1
1603,261,6,1
1604,262,6,1
1605,263,6,1
1606,264,6,1
1607,265,6,1
1608,266,6,1
1609,268,6,1
1610,271,6,1
1611,272,6,1
1612,275,6,1
1613,276,6,1
1614,277,6,1
1615,278,6,1
1616,280,6,1
1617,282,6,1
1618,283,6,1
1619,284,6,1
1620,286,6,1
1621,289,6,1
1622,290,6,1
1623,291,6,1
1624,292,6,1
1625,294,6,1
1626,295,6,1
1627,298,6,1
1628,299,6,1
1629,300,6,1
1630,301,6,1
1631,303,6,1
1632,304,6,1
1633,306,6,1
1634,307,6,1
1635,308,6,1
1636,310,6,1
1637,311,6,1
1638,312,6,1
1639,313,6,1
1640,314,6,1
1641,315,6,1
1642,318,6,1
1643,319,6,1
1644,320,6,1
1645,322,6,1
1646,323,6,1
1647,324,6,1
1648,326,6,1
1649,328,6,1
1650,330,6,1
1651,331,6,1
1652,333,6,1
1653,336,6,1
1654,338,6,1
1655,339,6,1
1656,340,6,1
1657,342,6,1
1658,344,6,1
1659,345,6,1
1660,346,6,1
1661,347,6,1
1662,348,6,1
1663,349,6,1
1664,350,6,1
1665,354,6,1
1666,355,6,1
1667,356,6,1
1668,357,6,1
1669,358,6,1
1670,361,6,1
1671,362,6,1
1672,363,6,1
1673,365,6,1
1674,366,6,1
1675,367,6,1
1676,369,6,1
1677,370,6,1
1678,372,6,1
1679,373,6,1
1680,374,6,1
1681,376,6,1
1682,382,6,1
1683,383,6,1
1684,384,6,1
1685,385,6,1
1686,386,6,1
1687,387,6,1
1688,388,6,1
1689,389,6,1
1690,390,6,1
1691,392,6,1
1692,393,6,1
1693,394,6,1
1694,395,6,1
1695,396,6,1
1696,397,6,1
1697,398,6,1
1698,399,6,1
1699,403,6,1
1700,405,6,1
1701,407,6,1
1702,408,6,1
1703,409,6,1
1704,1,7,1
1705,4,7,1
1706,6,7,1
1707,7,7,1
1708,8,7,1
1709,9,7,1
1710,10,7,1
1711,11,7,1
1712,12,7,1
1713,13,7,1
1714,14,7,1
1715,16,7,1
1716,18,7,1
1717,22,7,1
1718,23,7,1
1719,24,7,1
1720,25,7,1
1721,26,7,1
1722,27,7,1
1723,28,7,1
1724,29,7,1
1725,30,7,1
1726,31,7,1
1727,32,7,1
1728,33,7,1
1729,34,7,1
1730,35,7,1
1731,36,7,1
1732,38,7,1
1733,40,7,1
1734,41,7,1
1735,42,7,1
1736,43,7,1
1737,44,7,1
1738,45,7,1
1739,46,7,1
1740,47,7,1
1741,50,7,1
1742,51,7,1
1743,52,7,1
1744,54,7,1
1745,55,7,1
1746,56,7,1
1747,57,7,1
1748,58,7,1
1749,59,7,1
1750,63,7,1
1751,64,7,1
1752,66,7,1
1753,71,7,1
1754,72,7,1
1755,73,7,1
1756,74,7,1
1757,75,7,1
1758,76,7,1
1759,78,7,1
1760,79,7,1
1761,80,7,1
1762,81,7,1
1763,83,7,1
1764,84,7,1
1765,85,7,1
1766,86,7,1
1767,88,7,1
1768,89,7,1
1769,91,7,1
1770,92,7,1
1771,93,7,1
1772,94,7,1
1773,95,7,1
1774,96,7,1
1775,98,7,1
1776,99,7,1
1777,100,7,1
1778,102,7,1
1779,104,7,1
1780,105,7,1
1781,106,7,1
1782,107,7,1
1783,108,7,1
1784,110,7,1
1785,111,7,1
1786,112,7,1
1787,114,7,1
1788,117,7,1
1789,118,7,1
1790,119,7,1
1791,120,7,1
1792,121,7,1
1793,122,7,1
1794,123,7,1
1795,124,7,1
1796,125,7,1
1797,127,7,1
1798,129,7,1
1799,133,7,1
1800,134,7,1
1801,135,7,1
1802,136,7,1
1803,137,7,1
1804,138,7,1
1805,139,7,1
1806,140,7,1
1807,141,7,1
1808,142,7,1
1809,143,7,1
1810,144,7,1
1811,145,7,1
1812,146,7,1
1813,147,7,1
1814,149,7,1
1815,150,7,1
1816,153,7,1
1817,154,7,1
1818,155,7,1
1819,158,7,1
1820,163,7,1
1821,164,7,1
1822,165,7,1
1823,171,7,1
1824,173,7,1
1825,174,7,1
1826,175,7,1
1827,176,7,1
1828,177,7,1
1829,180,7,1
1830,182,7,1
1831,183,7,1
1832,184,7,1
1833,185,7,1
1834,186,7,1
1835,187,7,1
1836,188,7,1
1837,189,7,1
1838,208,7,1
1839,209,7,1
1840,210,7,1
1841,212,7,1
1842,214,7,1
1843,215,7,1
1844,216,7,1
1845,217,7,1
1846,218,7,1
1847,219,7,1
1848,220,7,1
1849,221,7,1
1850,222,7,1
1851,223,7,1
1852,224,7,1
1853,225,7,1
1854,228,7,1
1855,229,7,1
1856,231,7,1
1857,232,7,1
1858,233,7,1
1859,234,7,1
1860,235,7,1
1861,237,7,1
1862,238,7,1
1863,239,7,1
1864,240,7,1
1865,241,7,1
1866,242,7,1
1867,243,7,1
1868,244,7,1
1869,247,7,1
1870,249,7,1
1871,250,7,1
1872,251,7,1
1873,252,7,1
1874,253,7,1
1875,254,7,1
1876,255,7,1
1877,257,7,1
1878,258,7,1
1879,259,7,1
1880,260,7,1
1881,261,7,1
1882,262,7,1
1883,263,7,1
1884,264,7,1
1885,265,7,1
1886,266,7,1
1887,268,7,1
1888,271,7,1
1889,272,7,1
1890,273,7,1
1891,275,7,1
1892,276,7,1
1893,277,7,1
1894,278,7,1
1895,280,7,1
1896,281,7,1
1897,282,7,1
1898,283,7,1
1899,284,7,1
1900,285,7,1
1901,286,7,1
1902,288,7,1
1903,289,7,1
1904,290,7,1
1905,291,7,1
1906,292,7,1
1907,293,7,1
1908,294,7,1
1909,295,7,1
1910,297,7,1
1911,298,7,1
1912,299,7,1
1913,300,7,1
1914,301,7,1
1915,303,7,1
1916,304,7,1
1917,305,7,1
1918,306,7,1
1919,307,7,1
1920,308,7,1
1921,310,7,1
1922,311,7,1
1923,312,7,1
1924,313,7,1
1925,314,7,1
1926,315,7,1
1927,316,7,1
1928,318,7,1
1929,319,7,1
1930,320,7,1
1931,322,7,1
1932,323,7,1
1933,324,7,1
1934,326,7,1
1935,328,7,1
1936,329,7,1
1937,330,7,1
1938,331,7,1
1939,333,7,1
1940,335,7,1
1941,336,7,1
1942,337,7,1
1943,338,7,1
1944,339,7,1
1945,340,7,1
1946,342,7,1
1947,343,7,1
1948,344,7,1
1949,345,7,1
1950,346,7,1
1951,347,7,1
1952,348,7,1
1953,349,7,1
1954,350,7,1
1955,354,7,1
1956,355,7,1
1957,356,7,1
1958,357,7,1
1959,358,7,1
1960,361,7,1
1961,363,7,1
1962,365,7,1
1963,366,7,1
1964,367,7,1
1965,368,7,1
1966,369,7,1
1967,370,7,1
1968,372,7,1
1969,373,7,1
1970,374,7,1
1971,376,7,1
1972,377,7,1
1973,380,7,1
1974,381,7,1
1975,382,7,1
1976,383,7,1
1977,384,7,1
1978,385,7,1
1979,386,7,1
1980,387,7,1
1981,389,7,1
1982,390,7,1
1983,392,7,1
1984,393,7,1
1985,394,7,1
1986,395,7,1
1987,396,7,1
1988,397,7,1
1989,398,7,1
1990,399,7,1
1991,400,7,1
1992,401,7,1
1993,403,7,1
1994,405,7,1
1995,406,7,1
1996,407,7,1
1997,408,7,1
1998,409,7,1
1999,410,7,1
2000,411,7,1
2001,413,7,1
2002,414,7,1
2003,415,7,1
2004,1,8,1
2005,4,8,1
2006,5,8,1
2007,6,8,1
2008,8,8,1
2009,9,8,1
2010,10,8,1
2011,11,8,1
2012,12,8,1
2013,13,8,1
2014,14,8,1
2015,16,8,1
2016,17,8,1
2017,18,8,1
2018,20,8,1
2019,22,8,1
2020,23,8,1
2021,24,8,1
2022,25,8,1
2023,26,8,1
2024,27,8,1
2025,28,8,1
2026,29,8,1
2027,30,8,1
2028,31,8,1
2029,32,8,1
2030,33,8,1
2031,34,8,1
2032,35,8,1
2033,36,8,1
2034,37,8,1
2035,38,8,1
2036,40,8,1
2037,41,8,1
2038,42,8,1
2039,43,8,1
2040,45,8,1
2041,46,8,1
2042,47,8,1
2043,48,8,1
2044,50,8,1
2045,51,8,1
2046,52,8,1
2047,53,8,1
2048,54,8,1
2049,55,8,1
2050,56,8,1
2051,57,8,1
2052,58,8,1
2053,59,8,1
2054,63,8,1
2055,64,8,1
2056,66,8,1
2057,68,8,1
2058,71,8,1
2059,72,8,1
2060,73,8,1
2061,74,8,1
2062,75,8,1
2063,76,8,1
2064,78,8,1
2065,79,8,1
2066,80,8,1
2067,81,8,1
2068,83,8,1
2069,84,8,1
2070,85,8,1
2071,86,8,1
2072,88,8,1
2073,89,8,1
2074,91,8,1
2075,92,8,1
2076,93,8,1
2077,94,8,1
2078,95,8,1
2079,96,8,1
2080,98,8,1
2081,99,8,1
2082,102,8,1
2083,104,8,1
2084,105,8,1
2085,106,8,1
2086,107,8,1
2087,108,8,1
2088,110,8,1
2089,111,8,1
2090,112,8,1
2091,114,8,1
2092,115,8,1
2093,117,8,1
2094,118,8,1
2095,119,8,1
2096,120,8,1
2097,121,8,1
2098,122,8,1
2099,123,8,1
2100,124,8,1
2101,125,8,1
2102,127,8,1
2103,133,8,1
2104,134,8,1
2105,135,8,1
2106,136,8,1
2107,138,8,1
2108,139,8,1
2109,140,8,1
2110,141,8,1
2111,142,8,1
2112,143,8,1
2113,144,8,1
2114,145,8,1
2115,146,8,1
2116,149,8,1
2117,150,8,1
2118,153,8,1
2119,154,8,1
2120,155,8,1
2121,158,8,1
2122,163,8,1
2123,164,8,1
2124,165,8,1
2125,166,8,1
2126,172,8,1
2127,173,8,1
2128,174,8,1
2129,175,8,1
2130,176,8,1
2131,180,8,1
2132,185,8,1
2133,187,8,1
2134,188,8,1
2135,189,8,1
2136,191,8,1
2137,193,8,1
2138,194,8,1
2139,195,8,1
2140,196,8,1
2141,208,8,1
2142,209,8,1
2143,210,8,1
2144,212,8,1
2145,214,8,1
2146,215,8,1
2147,216,8,1
2148,217,8,1
2149,218,8,1
2150,219,8,1
2151,220,8,1
2152,221,8,1
2153,222,8,1
2154,223,8,1
2155,224,8,1
2156,225,8,1
2157,228,8,1
2158,229,8,1
2159,231,8,1
2160,232,8,1
2161,233,8,1
2162,234,8,1
2163,235,8,1
2164,237,8,1
2165,238,8,1
2166,239,8,1
2167,240,8,1
2168,241,8,1
2169,242,8,1
2170,243,8,1
2171,244,8,1
2172,247,8,1
2173,249,8,1
2174,250,8,1
2175,251,8,1
2176,252,8,1
2177,253,8,1
2178,254,8,1
2179,255,8,1
2180,256,8,1
2181,257,8,1
2182,258,8,1
2183,259,8,1
2184,260,8,1
2185,261,8,1
2186,263,8,1
2187,264,8,1
2188,265,8,1
2189,266,8,1
2190,268,8,1
2191,271,8,1
2192,272,8,1
2193,273,8,1
2194,275,8,1
2195,276,8,1
2196,277,8,1
2197,278,8,1
2198,280,8,1
2199,281,8,1
2200,282,8,1
2201,283,8,1
2202,284,8,1
2203,285,8,1
2204,286,8,1
2205,288,8,1
2206,289,8,1
2207,290,8,1
2208,291,8,1
2209,292,8,1
2210,293,8,1
2211,294,8,1
2212,295,8,1
2213,297,8,1
2214,298,8,1
2215,299,8,1
2216,300,8,1
2217,301,8,1
2218,303,8,1
2219,304,8,1
2220,306,8,1
2221,307,8,1
2222,308,8,1
2223,310,8,1
2224,311,8,1
2225,312,8,1
2226,313,8,1
2227,314,8,1
2228,315,8,1
2229,316,8,1
2230,318,8,1
2231,319,8,1
2232,320,8,1
2233,322,8,1
2234,323,8,1
2235,324,8,1
2236,326,8,1
2237,328,8,1
2238,329,8,1
2239,330,8,1
2240,331,8,1
2241,333,8,1
2242,335,8,1
2243,336,8,1
2244,337,8,1
2245,338,8,1
2246,339,8,1
2247,340,8,1
2248,342,8,1
2249,343,8,1
2250,344,8,1
2251,345,8,1
2252,346,8,1
2253,347,8,1
2254,348,8,1
2255,349,8,1
2256,350,8,1
2257,354,8,1
2258,355,8,1
2259,356,8,1
2260,358,8,1
2261,361,8,1
2262,362,8,1
2263,365,8,1
2264,366,8,1
2265,369,8,1
2266,370,8,1
2267,372,8,1
2268,373,8,1
2269,374,8,1
2270,376,8,1
2271,377,8,1
2272,379,8,1
2273,380,8,1
2274,383,8,1
2275,384,8,1
2276,385,8,1
2277,386,8,1
2278,387,8,1
2279,390,8,1
2280,392,8,1
2281,393,8,1
2282,394,8,1
2283,395,8,1
2284,396,8,1
2285,397,8,1
2286,398,8,1
2287,399,8,1
2288,400,8,1
2289,401,8,1
2290,403,8,1
2291,405,8,1
2292,406,8,1
2293,407,8,1
2294,409,8,1
2295,410,8,1
2296,413,8,1
2297,415,8,1
2298,418,8,1
2299,419,8,1
2300,420,8,1
2301,421,8,1
2302,422,8,1
2303,423,8,1
2304,1,9,1
2305,4,9,1
2306,6,9,1
2307,7,9,1
2308,8,9,1
2309,9,9,1
2310,10,9,1
2311,11,9,1
2312,12,9,1
2313,13,9,1
2314,14,9,1
2315,16,9,1
2316,18,9,1
2317,20,9,1
2318,22,9,1
2319,23,9,1
2320,24,9,1
2321,25,9,1
2322,26,9,1
2323,27,9,1
2324,28,9,1
2325,29,9,1
2326,30,9,1
2327,31,9,1
2328,32,9,1
2329,33,9,1
2330,34,9,1
2331,35,9,1
2332,36,9,1
2333,38,9,1
2334,40,9,1
2335,41,9,1
2336,42,9,1
2337,43,9,1
2338,44,9,1
2339,45,9,1
2340,46,9,1
2341,47,9,1
2342,48,9,1
2343,50,9,1
2344,51,9,1
2345,52,9,1
2346,53,9,1
2347,54,9,1
2348,55,9,1
2349,56,9,1
2350,58,9,1
2351,59,9,1
2352,61,9,1
2353,63,9,1
2354,64,9,1
2355,66,9,1
2356,68,9,1
2357,70,9,1
2358,71,9,1
2359,72,9,1
2360,73,9,1
2361,74,9,1
2362,75,9,1
2363,76,9,1
2364,78,9,1
2365,79,9,1
2366,80,9,1
2367,81,9,1
2368,83,9,1
2369,84,9,1
2370,85,9,1
2371,86,9,1
2372,88,9,1
2373,89,9,1
2374,91,9,1
2375,92,9,1
2376,93,9,1
2377,94,9,1
2378,95,9,1
2379,96,9,1
2380,98,9,1
2381,99,9,1
2382,100,9,1
2383,102,9,1
2384,104,9,1
2385,105,9,1
2386,106,9,1
2387,107,9,1
2388,110,9,1
2389,111,9,1
2390,114,9,1
2391,115,9,1
2392,117,9,1
2393,119,9,1
2394,120,9,1
2395,121,9,1
2396,122,9,1
2397,123,9,1
2398,124,9,1
2399,125,9,1
2400,127,9,1
2401,129,9,1
2402,133,9,1
2403,134,9,1
2404,135,9,1
2405,136,9,1
2406,138,9,1
2407,139,9,1
2408,140,9,1
2409,141,9,1
2410,143,9,1
2411,144,9,1
2412,145,9,1
2413,146,9,1
2414,148,9,1
2415,149,9,1
2416,150,9,1
2417,153,9,1
2418,154,9,1
2419,155,9,1
2420,158,9,1
2421,163,9,1
2422,164,9,1
2423,165,9,1
2424,172,9,1
2425,173,9,1
2426,174,9,1
2427,175,9,1
2428,176,9,1
2429,177,9,1
2430,180,9,1
2431,182,9,1
2432,183,9,1
2433,184,9,1
2434,185,9,1
2435,186,9,1
2436,187,9,1
2437,188,9,1
2438,189,9,1
2439,191,9,1
2440,193,9,1
2441,194,9,1
2442,195,9,1
2443,196,9,1
2444,197,9,1
2445,198,9,1
2446,199,9,1
2447,200,9,1
2448,208,9,1
2449,209,9,1
2450,210,9,1
2451,212,9,1
2452,214,9,1
2453,215,9,1
2454,216,9,1
2455,217,9,1
2456,218,9,1
2457,219,9,1
2458,220,9,1
2459,221,9,1
2460,222,9,1
2461,223,9,1
2462,224,9,1
2463,225,9,1
2464,228,9,1
2465,229,9,1
2466,231,9,1
2467,232,9,1
2468,233,9,1
2469,234,9,1
2470,235,9,1
2471,237,9,1
2472,238,9,1
2473,239,9,1
2474,240,9,1
2475,241,9,1
2476,243,9,1
2477,244,9,1
2478,247,9,1
2479,249,9,1
2480,250,9,1
2481,251,9,1
2482,252,9,1
2483,253,9,1
2484,254,9,1
2485,255,9,1
2486,256,9,1
2487,257,9,1
2488,258,9,1
2489,259,9,1
2490,260,9,1
2491,261,9,1
2492,262,9,1
2493,263,9,1
2494,264,9,1
2495,265,9,1
2496,266,9,1
2497,268,9,1
2498,271,9,1
2499,272,9,1
2500,273,9,1
2501,275,9,1
2502,276,9,1
2503,277,9,1
2504,278,9,1
2505,280,9,1
2506,281,9,1
2507,282,9,1
2508,283,9,1
2509,284,9,1
2510,285,9,1
2511,286,9,1
2512,288,9,1
2513,289,9,1
2514,290,9,1
2515,291,9,1
2516,292,9,1
2517,293,9,1
2518,294,9,1
2519,295,9,1
2520,297,9,1
2521,298,9,1
2522,299,9,1
2523,300,9,1
2524,301,9,1
2525,303,9,1
2526,304,9,1
2527,306,9,1
2528,307,9,1
2529,308,9,1
2530,310,9,1
2531,311,9,1
2532,312,9,1
2533,313,9,1
2534,315,9,1
2535,316,9,1
2536,318,9,1
2537,319,9,1
2538,322,9,1
2539,323,9,1
2540,324,9,1
2541,326,9,1
2542,328,9,1
2543,329,9,1
2544,330,9,1
2545,331,9,1
2546,333,9,1
2547,335,9,1
2548,336,9,1
2549,337,9,1
2550,338,9,1
2551,339,9,1
2552,340,9,1
2553,342,9,1
2554,343,9,1
2555,344,9,1
2556,345,9,1
2557,346,9,1
2558,347,9,1
2559,348,9,1
2560,349,9,1
2561,354,9,1
2562,355,9,1
2563,356,9,1
2564,357,9,1
2565,358,9,1
2566,361,9,1
2567,362,9,1
2568,363,9,1
2569,365,9,1
2570,366,9,1
2571,368,9,1
2572,369,9,1
2573,371,9,1
2574,372,9,1
2575,373,9,1
2576,374,9,1
2577,376,9,1
2578,379,9,1
2579,380,9,1
2580,381,9,1
2581,383,9,1
2582,384,9,1
2583,385,9,1
2584,386,9,1
2585,387,9,1
2586,389,9,1
2587,390,9,1
2588,392,9,1
2589,393,9,1
2590,394,9,1
2591,395,9,1
2592,396,9,1
2593,397,9,1
2594,398,9,1
2595,399,9,1
2596,400,9,1
2597,401,9,1
2598,403,9,1
2599,405,9,1
2600,406,9,1
2601,407,9,1
2602,409,9,1
2603,410,9,1
2604,411,9,1
2605,413,9,1
2606,414,9,1
2607,415,9,1
2608,418,9,1
2609,419,9,1
2610,420,9,1
2611,421,9,1
2612,422,9,1
2613,423,9,1
2614,424,9,1
2615,425,9,1
2616,426,9,1
2617,427,9,1
2618,428,9,1
2619,429,9,1
2620,430,9,1
2621,432,9,1
2622,433,9,1
2623,434,9,1
